<?xml version="1.0" encoding="UTF-8" ?>
<beans xmlns="http://www.springframework.org/schema/beans"
	xmlns:context="http://www.springframework.org/schema/context"
	xmlns:xsi="http://www.w3.org/2001/XMLSchema-instance"
	xmlns:mvc="http://www.springframework.org/schema/mvc"
	xmlns:tx="http://www.springframework.org/schema/tx"
	xsi:schemaLocation="
        http://www.springframework.org/schema/beans     
        http://www.springframework.org/schema/beans/spring-beans.xsd
        http://www.springframework.org/schema/context 
        http://www.springframework.org/schema/context/spring-context.xsd 
        http://www.springframework.org/schema/mvc
        http://www.springframework.org/schema/mvc/spring-mvc.xsd
        http://www.springframework.org/schema/tx
        http://www.springframework.org/schema/tx/spring-tx.xsd
        ">
        
        
        <mvc:annotation-driven></mvc:annotation-driven>
        <context:component-scan base-package="com.springmvc.hibernate.beginner"></context:component-scan>
        
        <bean id="viewResolver"
        	class="org.springframework.web.servlet.view.UrlBasedViewResolver">
        	<property name="viewClass" value="org.springframework.web.servlet.view.JstlView"></property>
        	<property name="prefix" value="/WEB-INF/views/"></property>
        	<property name="suffix" value=".jsp"></property>
        </bean>
        
        <context:property-placeholder location="/WEB-INF/database.properties"/>
      	
        <bean id="dataSource" class="org.springframework.jdbc.datasource.DriverManagerDataSource">
        	<property name="driverClassName" value="${database.driver}"></property>
        	<property name="url" value="${database.url}"></property>
        	<property name="username" value="${database.username}"></property>
        	<property name="password" value="${database.password}"></property>
        </bean>
        
        <bean id="sessionFactory" class="org.springframework.orm.hibernate5.LocalSessionFactoryBean">
        	<property name="dataSource" ref="dataSource"></property>
        	<property name="packagesToScan" value="com.springmvc.hibernate.beginner"></property>
        	<property name="hibernateProperties">
        		<props>
        			<prop key="hibernate.dialect">${hibernate.dialect}</prop>
        			<prop key="hibernate.show_sql">${hibernate.showsql}</prop>
        			<prop key="hibernate.hbm2ddl.auto">${hibernate.hbm2ddl.auto}</prop>
        		</props>
        	</property>
        </bean>
        
        <bean id="hibernateTransactionManager"
        		class="org.springframework.orm.hibernate5.HibernateTransactionManager">
        		
   			<property name="sessionFactory" ref="sessionFactory"></property>
   		</bean>
        
        
        <tx:annotation-driven  transaction-manager="hibernateTransactionManager"  />
        
        <mvc:resources location="/resources/" mapping="/resources/**" cache-period="3600">
        </mvc:resources>
        
</beans>        
 