<?xml version="1.0" encoding="UTF-8" ?>
<beans xmlns="http://www.springframework.org/schema/beans"
	xmlns:context="http://www.springframework.org/schema/context"
	xmlns:xsi="http://www.w3.org/2001/XMLSchema-instance"
	xmlns:mvc="http://www.springframework.org/schema/mvc"
	xsi:schemaLocation="
        http://www.springframework.org/schema/beans     
        http://www.springframework.org/schema/beans/spring-beans.xsd
        http://www.springframework.org/schema/context 
        http://www.springframework.org/schema/context/spring-context.xsd 
        http://www.springframework.org/schema/mvc
        http://www.springframework.org/schema/mvc/spring-mvc.xsd">
        
        
        <mvc:annotation-driven></mvc:annotation-driven>
        <context:component-scan base-package="com.cts.memberservice"></context:component-scan>
        
        <bean id="viewResolver"	class="org.springframework.web.servlet.view.InternalResourceViewResolver">
			<property name="prefix" value="/WEB-INF/views/"></property>
			<property name="suffix" value=".jsp"></property>
		</bean>
        
      <!--   <bean id="dataSource" class="org.springframework.jdbc.datasource.DriverManagerDataSource">
			<property name="driverClassName" value="${database.driver}"></property>
			<property name="url" value="${database.url}"></property>
			<property name="username" value="${database.user}"></property>
			<property name="password" value="${database.password}"></property>
		</bean> -->
		
		<!-- <context:property-placeholder location="classpath:database.properties" /> -->
		
				
		<mvc:resources location="/resources/" mapping="/resources/**" cache-period="6000"></mvc:resources>
		
	     <bean id="messageSource" class="org.springframework.context.support.ReloadableResourceBundleMessageSource">
        	<property name="basename"   value="/WEB-INF/message"> </property>
        </bean>		
        
        <bean id="emailValidation" class="com.cts.memberservice.validation.EmailValidation"></bean>
        
     </beans>   