<?xml version="1.0" encoding="UTF-8" ?>
<beans xmlns="http://www.springframework.org/schema/beans"
	xmlns:context="http://www.springframework.org/schema/context"
	xmlns:xsi="http://www.w3.org/2001/XMLSchema-instance"
	xmlns:mvc="http://www.springframework.org/schema/mvc"
	xsi:schemaLocation="
        http://www.springframework.org/schema/beans     
        http://www.springframework.org/schema/beans/spring-beans.xsd
        http://www.springframework.org/schema/context 
        http://www.springframework.org/schema/context/spring-context.xsd 
        http://www.springframework.org/schema/mvc
        http://www.springframework.org/schema/mvc/spring-mvc.xsd">
        
        
        <mvc:annotation-driven></mvc:annotation-driven>
        <context:component-scan base-package="com.springmvc.custom.validation"></context:component-scan>
        
        <bean id="viewResolver"
        	class="org.springframework.web.servlet.view.UrlBasedViewResolver">
        	<property name="viewClass" value="org.springframework.web.servlet.view.JstlView"></property>
        	<property name="prefix" value="/WEB-INF/views/"></property>
        	<property name="suffix" value=".jsp"></property>
        </bean>
        
       
        
        <bean id="messageSource" class="org.springframework.context.support.ReloadableResourceBundleMessageSource">
        	<property name="basename"   value="/WEB-INF/message"> </property>
        </bean>
        
       
       <bean id="userValidator" class="com.springmvc.custom.validation.UserValidator"></bean>
        
        
        
        
        
        
</beans>        
 