<?xml version="1.0" encoding="UTF-8" ?>
<beans xmlns="http://www.springframework.org/schema/beans"
	xmlns:context="http://www.springframework.org/schema/context"
	xmlns:xsi="http://www.w3.org/2001/XMLSchema-instance"
	xmlns:mvc="http://www.springframework.org/schema/mvc"
	xsi:schemaLocation="
        http://www.springframework.org/schema/beans     
        http://www.springframework.org/schema/beans/spring-beans.xsd
        http://www.springframework.org/schema/context 
        http://www.springframework.org/schema/context/spring-context.xsd 
        http://www.springframework.org/schema/mvc
        http://www.springframework.org/schema/mvc/spring-mvc.xsd">
        
        
         <mvc:annotation-driven></mvc:annotation-driven>
        <context:component-scan base-package="com.springmvc.membership"></context:component-scan>
        
        <bean id="viewResolver"
        	class="org.springframework.web.servlet.view.UrlBasedViewResolver">
        	<property name="viewClass" value="org.springframework.web.servlet.view.JstlView"></property>
        	<property name="prefix" value="/WEB-INF/views/"></property>
        	<property name="suffix" value=".jsp"></property>
        </bean>
        
        <bean id="dataSource" class="org.springframework.jdbc.datasource.DriverManagerDataSource">
        	<property name="driverClassName" value="com.mysql.jdbc.Driver"></property>
        	<property name="url" value="jdbc:mysql://localhost:3306/springmvcjdbctemplate001"></property>
        	<property name="username" value="root"></property>
        	<property name="password" value="password-1"></property>       
        </bean>
        
        <bean id="jdbcTemplate" class="org.springframework.jdbc.core.JdbcTemplate">
        	<property name="dataSource" ref="dataSource"></property>
        </bean>
        
        <bean id="messageSource" class="org.springframework.context.support.ReloadableResourceBundleMessageSource">
        	<property name="basename"   value="/WEB-INF/message"> </property>
        </bean>
        
        <mvc:interceptors>
        	<mvc:interceptor>
        		<mvc:mapping path="/index"/>
        		<bean class="org.springframework.web.servlet.i18n.LocaleChangeInterceptor">
        			<property name="paramName" value="lang"></property>
        		</bean>
        	</mvc:interceptor>
        
        </mvc:interceptors>
        
        <bean id="localeResolver" class="org.springframework.web.servlet.i18n.CookieLocaleResolver">
        
        </bean>
        
        <bean id="memberDao" class="com.springmvc.membership.MemberDao">
        
        </bean>
        
        
</beans>